aggression,television,computer_games,sibling_aggression,diet,parenting_style
0.37416043064045734,0.17267053604196606,0.14190668631219672,-0.32821636979920615,-0.11030284852956748,-0.2790339126583799
0.7711534016966023,-0.03287184242822374,0.7099182215897301,0.5768366665848881,-0.022990299436355877,-1.248166543819353
-0.0977275767529503,-0.07446020549472107,-0.390140556361705,-0.2171840517901351,0.28030050073383816,-0.3280629744711444
0.015935308317234453,-0.004426631430255859,-0.40808035957832856,0.04622325447524371,-0.2634792276935432,-1.0051193077835507
-0.2753845901276125,-0.6752386898630321,-0.27777780509246336,-0.891045376926662,0.2265813914637537,0.4894778160990207
0.15785329860279237,0.2024801350883086,0.32150829060820385,-0.1537126201374549,-0.36863818544968047,-1.7409822831647879
0.12621699534300437,0.1866642014574204,0.3062659322812435,0.5117822149303926,-0.6609660535128115,0.0922943789224772
0.005930436400325219,0.05004365965186541,-0.10491824505457721,0.11305375226211159,0.0031541701242467825,-0.21787388980676076
-0.20558733980410274,-0.43048003031973575,0.002303511474312787,0.2349428550597397,0.38701775839413655,0.11290539128183447
-0.33011136676566455,-0.3203888684452068,-0.678358880698906,-0.08567528698898984,-0.41375786340213266,-1.7947966868635619
0.3265835098680077,-0.04541757285124319,-0.6633550895783713,0.16288549150648782,-0.30235731902870705,-0.37594249196986873
-0.5072110767938709,-0.3248550525961929,0.059284963589714273,0.48017646276682,-0.10531288003964205,-1.4249264512726953
-0.37069024161342384,0.36546821181167477,0.08622396510389872,0.1542817136570626,0.2745317721057184,0.42744108645753093
0.07670733811183585,0.2081480712145259,-0.060047379307579994,0.28475766798534635,0.04757127219717638,0.21680180930473253
-0.47226961093975045,-0.2280854937466928,-0.026757150513699302,-0.408294870938039,-0.27355011217226655,-1.7470151472597115
0.1431172324164707,-0.0036077957020468994,0.006891435699303895,0.16255943006253004,-0.07904763908549907,0.4106990419957983
-0.08538775477186222,-0.06935938694592005,0.0390665557040499,0.003516653693454444,0.17390353646671577,0.01883278312941971
-0.17444328034636106,-0.6257053845438607,-0.051201692441963396,-0.4880733281356065,0.664170935417362,0.17066566884864717
0.03781777284712866,-0.3309342796944707,-0.574835142635917,-0.3461785246380386,-0.2522768138556215,-0.5662308887876908
0.29069501081848037,0.3160855648639474,0.20504648109164741,-0.06446544856220744,0.3852600968434163,2.281427778507153
-0.14322799811738632,-0.004008483581588615,0.362643308655133,-0.04039223497403318,-0.8614759852942191,1.5932949399960787
-0.02411371579275604,-0.06091276503896196,-0.1635743346564234,-0.21564103108164526,0.5883571823613013,-0.3569097314195033
-0.2649527622472494,-0.5942145063014308,0.05518042696412556,-0.08011296363412412,-0.7438452509105916,-1.175187054338991
0.1262836032122628,-0.14668549333018363,-0.35261904795790505,-0.12504955381248442,-0.269296920737942,-1.2552446725085915
0.07862754754593515,-0.11685815139257076,-0.13442658649587655,0.11697668833524857,-0.025600582009053952,-0.6658010949047417
-0.04405035881337814,0.12226344386586752,0.028838886886486458,0.05471181459009984,-0.0021223464600136507,-0.13942093438266706
-0.09293846865459551,-0.2271789360500291,-0.011624215554551722,0.1742995733419833,0.44191242682044657,-0.6187888752086023
-0.032169465041945317,-0.08705209049133446,-0.434281507593285,0.0023958038667907604,0.0612111683367953,-0.7572575118694116
-0.5001596814657426,0.40257196608614565,-0.46485868206026665,0.3350338901268236,-0.2211847327327317,-0.9840016017066462
-0.09188781698614663,0.42198427312738335,0.46709329371319785,0.009168697617975641,0.6347815373107039,0.6527219389714788
0.08225284382034223,0.4166588959415327,0.6266883095116992,0.7884955711799948,0.6985530701976659,0.5563500099141164
-0.08481464172498002,-0.007088927914359071,-0.09806917864126846,-0.09949220844053723,-0.03037123344654192,0.46218651003422195
-0.5967644416741221,-0.2713687833653776,-0.12352214790112012,-0.2959809748087294,-0.3188035112561403,-0.8627996289895802
-0.4962858898473643,0.2954208765995623,-0.35808149707945136,-0.025923199115710612,-0.03011401670978333,0.6400502582623121
-0.36632735638839314,0.14615674254834507,0.25893822988133125,-0.041593550617207896,0.056721207025104324,0.3112119357867577
-0.5513369324864096,0.42441087769519026,-0.28812970110092073,0.1697963098728075,0.024559213938801738,0.7222775186132124
0.07004817945640583,-0.5460042594995944,-0.4886449595052341,-0.4803553339622478,0.3082180989947927,-1.8751808945608253
0.21496780477292082,-0.03412287445989172,-0.219880722286629,0.00289074853785313,-0.03230282051411633,-0.23572587975950562
0.04867622593657051,0.36431457002408263,0.8894362056308833,0.25848232768407425,0.6676448577138054,0.3361215002676449
-0.0025200552533254316,-0.19383426495698813,-1.1538345479465582,0.5571521311457182,-0.11497716410170912,1.4154522654816937
0.07922303985036278,0.06464142790751633,-0.024862451880604437,0.03204959788816971,-0.042425843209579116,0.0018039152006017502
-0.018246313413999966,0.2456730029953599,-0.06656332415746553,-0.7742889894270508,-0.34348563264245774,0.2901570021058913
0.3918745730791389,0.21486963843572157,-0.08790484544216827,-0.25386913638652353,-0.03360159860192179,1.5735747483970839
0.1322664243230454,0.10235289987240297,0.2444483364155078,0.11477094592618768,-0.158386332923828,0.5578718384255972
-0.9309839248817452,-0.146957301295069,0.5850383212894366,0.14391412333136044,0.13415674234433816,-1.047096056381743
-0.03400670795971079,0.21656759270549222,0.1994123579104919,-0.023275369161268007,-0.18361100655797563,-0.587035611279508
0.8437696359737258,-0.5333718701363835,0.6267429143940628,0.006193792203601813,-0.05425309736241901,0.2386578222536125
5.35286873320103e-4,-0.3392535439662165,0.023374747653693035,-0.7584605974766868,-0.46883441540790666,-0.2389274892763563
-0.33754139624333007,0.10978668462652802,-0.00960582563449909,-0.26313001022613847,-0.04794347076326177,0.8368768937774974
0.1753279672406412,0.25361422464611766,0.6100362012914862,0.1401735948744473,0.1354166288894718,0.33868047096640647
-0.13237440813710988,-0.1999359050091801,-0.3040957319910489,-0.6869822996035558,0.1631679438681878,-1.2173549204653398
0.23111180183454855,-0.009199164276409657,-0.23455223210572845,0.12294156412746325,-0.5745587029774443,-0.11710375667958944
0.05586414327522828,0.06061464859611233,8.83950982033926e-4,0.015501376920197058,0.005110068701312784,0.18185404121022314
0.13746580353109727,-0.17240202373904998,0.6794423526583513,0.6402963071473055,0.6644185632433296,1.328341397414487
-0.0285486721804454,0.09645043384200619,0.3220500778276899,-0.017587350641316994,0.06836061411868423,-0.9700881911771323
-0.5805061865866991,-0.04647571401057343,0.0802620052210689,0.05323410081941284,0.17128046281750195,-0.110027645884912
0.033163517485452404,-0.1711575134593166,0.2821511993216634,0.28599145286361427,0.29819820459255453,-0.7451610608752343
0.196358974145856,0.0459465741083448,0.2559056065031053,-0.18485585841583327,-0.10912208965701785,0.31441944897820084
0.7118389357016282,-0.25876895440198067,1.0762741237719538,-0.5654737249021168,0.37190083962004583,2.457912760734599
0.16773696165282687,0.05854388148019121,-0.0908843245527384,0.09010798825187856,-0.2087591973555104,-0.2936284946451702
-0.0429028486051568,0.20990382144743558,-0.4120834390701264,-0.4999034134764639,-0.13518713152995462,-0.6427409302217121
0.3654162598610438,-0.066467282755676,-0.016146517279147926,0.46246763522971474,-0.43749477438805884,1.83773779389392
-0.18551650295414787,0.10335532453213621,0.031567007620277136,-0.006803975785702502,0.1469370975015414,0.31456986538785753
-0.12036266291510823,-0.1326294126437596,0.08553281869804866,0.19397401627933722,0.11085395982639826,0.014006004063471269
0.40101992551399507,0.21530526806117511,-0.12188767034135405,0.05144544399820539,-0.8788023500210401,0.6306696716307213
-0.14778311966629748,0.22527143677329886,-0.07179513337165744,0.3107127293374635,0.1918372274584499,-0.8631940113667416
0.053315020826041476,0.031720186432461606,-0.08078866638683728,0.21930908585825135,0.12143314033034452,0.4126728661018495
0.0912096538956316,-0.0492892464421008,0.1509307138953992,-0.5546796758267012,-0.2710712916809985,0.12130989465170995
-0.03260313932166508,-0.057410524412180655,0.1372914793880643,0.005641184345488209,0.01531622517763182,0.06193315791724339
-0.18024004373060812,0.1941192604157999,-0.12317277740507142,-0.005800901116943923,0.01740480349593767,0.04656745272529129
-0.8604236516192805,-0.32734995693523367,-0.10228524297851303,0.08845440987773241,0.3403471915372506,-0.6988965215196175
-0.31200160481220074,-0.7273898756649804,-0.8397756689013129,-0.12255974800069427,0.810783171842994,-0.9715371058887722
-0.09977752204033793,-0.25967267576815234,-0.07087542912094577,-0.03982308821969666,-0.02202790542380327,-0.45055923964880507
0.06852053021527228,0.5438946299277989,-0.9466310508634936,-0.5960623081283785,-0.23195521807889,-0.8587398614357281
0.7374707440991455,0.05104538314414734,0.06804260639391205,0.7424789460323745,0.3607529282147913,0.9243197063275074
-0.6352701533641522,-0.8334474946606004,-0.876081771616576,-0.6285698963752835,0.11369166485065262,-2.134169330777968
0.034479477078818085,-0.15581563796229175,0.1847377379813681,0.24113489153535436,0.37348734418989166,0.7700146787239514
0.059317116537777034,-0.453724291679738,-0.21004819725486487,-0.22463327046583811,-0.019402138289363876,-1.1551930750128947
0.1607140129225595,0.4221434109664984,-0.15525872294977988,0.49078468568552913,1.1850195098230014,1.7808455027941585
-0.2767139441959102,0.019459773317882623,0.021994427914397277,0.5137491569789429,0.04936875869087842,-0.5959015968512218
0.14692525140843868,0.016667777668850782,-0.24349603999329483,0.14285691141523107,0.21260192966936958,0.20052018649946862
-0.08175278052144362,0.08005272524858803,-0.5206204605735641,0.007067664595470236,0.4137096894484494,1.667969386058241
-0.3293129148125093,-0.09710563124874828,-0.20026879421062924,-0.028290511637019674,0.33712768554224626,-0.4740999410340972
0.038230830265137836,0.005568093521181677,0.035363556111763624,0.021654380553337967,-0.033615746126530066,0.12694836385858782
0.11337545516354049,-0.1088707011620476,0.2358711601050466,-0.01449625704954047,-0.06306262949865524,0.3620218753136663
-0.005727083830012259,0.038688125617335756,0.19970842199151495,-0.5592729370171915,0.03447421741450147,0.40982077975981057
0.38850821479175784,0.15521365816351232,-0.12169612328234472,-0.15686931794070527,-0.4020435348496953,0.4469376296339625
0.6188467218881971,-0.4302752187017633,-0.08913147534709974,-0.10757095987356012,-0.7754697170968954,0.29832594173142346
0.1869130185675604,-0.27709758816916435,0.15011347119358442,0.42716089795711987,0.16360774158045474,-0.6843457631630898
-0.1528106141132225,0.19520398320960705,0.08844807038016957,0.36237793413769603,-0.04472364188643487,0.551673341478703
-0.1822305347754382,0.018861173890467132,0.09871041011713158,-0.013057738818843045,0.2582329226888842,0.10457502953554254
0.2737106769395142,-0.09569998161632647,-0.5157283757104417,-0.4640734200524714,-0.13162738816073177,-0.9002911478040725
-0.1504980187021967,-0.15605589295595482,-0.0017208685763964635,-0.479287897437424,0.021063005804184468,0.43839935911967676
-0.08359956978951727,0.009891165402892314,0.33737824758761903,-0.27245324921993797,-0.08169801823156268,0.061538397840467454
0.1903405073399841,-0.6708989892863724,-0.16708817239556814,-0.056244474535717404,0.4159968543052843,-0.26612392419048986
-0.10894651530682474,-0.22248183896196894,0.04888608194111822,0.05794629036142214,-0.14234117140725602,-0.42429286964238583
-7.508852107048252e-4,-0.26949771108640547,-0.2807372716243227,-0.01152073040789802,-0.3463953851234976,-0.4932762249184121
-0.2878212460387065,-0.9622032488712943,0.34419070739052227,-0.12967482902080246,0.4442503704778531,-1.5501450673262014
0.14121678462480697,0.9816151097941523,-0.32218798498754886,-0.1845771716377318,-0.0049473977029237835,3.9932561064938583
-0.35158012297843266,0.009303389562915662,-0.043059623415394925,0.23974678430130575,-0.07231333299327644,-0.38143373696237326
0.5426697346236977,-0.10557796478285496,0.43559126424315175,0.4255046000534988,-0.33364636091973854,0.625363808747905
-0.2839233634827195,-0.3591137760061491,-0.19980524150161338,-0.4927855582431471,0.20971433510501847,-1.4772543357032102
-0.12239190497323651,-0.47453028250717977,-0.24852300460267182,0.14418635944437386,-0.6190871901131246,-0.7965512342756725
-0.06430032478583936,0.10672708110282414,-0.0029232401284056833,-0.0221324823603707,-0.3709831060309757,-0.5645600380121666
0.31884555291714833,-0.18211604487471203,-0.7481193760447853,0.016936520303617572,-0.2582203223459502,-0.12241402829240663
0.08755795156386796,-0.011231871090399513,0.21085322030176326,0.2125482359836895,0.27976505942193625,-0.045745975657802404
-0.12954790627009183,0.09824460559744437,0.059946264309621716,-0.06220518698499685,-0.031591093324421525,0.1788578141166304
0.14268526015332872,-0.08339230667953218,-0.26122803325442995,-0.2566181861593196,0.07254535783638591,0.34011865640399963
0.15065377480616865,-0.018437464038024202,0.18835710250212315,0.02965414260490572,0.06927970591090275,0.9718307660429384
0.04232247316670787,-0.08598775010482429,-1.1945982161193351e-4,0.12528489716477678,0.04683529252374873,-0.09637317952541252
0.6024767500544943,0.15691915407604792,0.09339765124249196,0.2550829084100484,-0.14338154964463104,1.68781180820665
-0.019428589757608198,0.076658056824847165,0.2185493185426685,0.028451626914640194,-0.018341483250616502,1.6615830823472615
0.003533504021655976,-0.12213058020726394,-0.6273420009122743,0.07315292501138919,-0.24870588354402323,-3.8068741681079796
-0.027296592452724918,-0.20873907567683134,0.3286624979385803,0.1857145742785079,-0.04468127317052971,-0.0013400794394129402
-0.41972854778494784,-0.1900069304694984,-0.29898050700948675,-0.2065603016097109,-0.04292743416484222,-0.719083446024933
-0.10709958491127833,0.010833609283944954,0.32632897408333505,0.270638142725035,0.17999422850808214,-0.6024009791287556
0.19606180031364165,0.2798054291705939,0.2927895865922101,-0.28214167315450306,0.16187013795791913,1.7977272578958132
-0.4473179680184496,-0.7899307096093156,-0.40531224408242345,-1.0835023522512763,-0.8249112475988392,-3.0137815163918398
-0.2316762626589365,0.07442407770428114,0.010468741962279144,0.010372271348305439,0.34907810127247396,0.9706290528075846
-0.05382055510436514,0.22471324798845202,-0.0622920869412548,0.006320584745108701,-0.005863295917027107,0.28385824066064885
-0.10632685772698358,-0.12593568324432725,-0.19570223895670788,-0.26119542205270335,0.3594325558977524,-0.24582512413484883
0.04206253542240512,0.0927011061794567,0.06806226258546723,0.21621491105259447,-0.2969280064319663,-0.009097178817296757
0.003678423459724489,-0.04718847624993228,-0.19625923941487328,0.2839172597338546,0.11240741099996139,-0.06344861061749017
-0.04094674925152265,0.3154773088461897,0.3420964193523151,0.2415131231148825,0.471855124125859,0.15473342874606083
0.30965378789122644,0.341647129473177,0.23489467598994151,-0.7092483822978501,-0.23289145442130404,-1.4554040106422792
-0.06290521969409164,-0.1834311969829927,0.07437419641783602,0.3060688854542351,-0.10722034579944524,0.38249522918056855
-0.051134167759909886,0.13266421329443634,0.003651977322297049,0.030088184518112262,0.06481717119785246,0.17094747992670647
0.11595870426935011,0.7290565867904099,-0.20778665259184162,-0.3521579390453583,0.6682041848294691,2.982103074330736
0.09827062380025829,0.28871029023545536,0.05625650717524223,-0.35544233593641994,-0.2330771044362597,0.9533725443654977
-0.08628994238524924,0.5009184471248443,-0.09624640289024546,0.18748356017278042,0.27779354531059636,1.5154059686530605
-0.07792400947277632,0.0715189417907951,-0.21788794638885045,-0.21561416488651178,0.08288751990548934,0.3137465465366649
-0.08220701586324958,0.016337589416312692,-0.08590499234673848,-0.2574341936191774,-0.19972032502365952,-0.5807815925808408
0.09222791120280534,0.09123137176836414,-0.24376739048623527,0.16767346178179363,-0.19817703901174405,0.6024093656313362
-0.009985708009177014,0.36798941035324173,-0.17044467904829655,0.35930177090622223,0.06388095816434085,1.5333822989781916
-0.026361840635307426,0.03923265507078256,-0.5712791279736659,-0.5958810620079822,0.052662938301536205,-0.7260348087515649
0.3122641941285554,0.36637620547147887,0.046352453280861065,0.13905908945093215,0.2552721671171478,1.4378492451696392
-0.3880857363139139,0.1448097026304389,-0.40753257492913736,0.8965622412133927,-0.3279420468121596,0.197070648114019
0.16430658602385179,-0.2706628696804399,-0.08459324201325326,-0.3256129218809074,-0.04380016745994247,-0.6673842174101039
-0.41096547449016374,0.27501941827004245,-0.5149510150626587,-0.16116758002940307,-0.7232329207637227,-1.0583899227918674
0.15278548681196133,-0.2765704351949994,-0.35575230593445095,0.10708565073557733,-0.32021901094659366,-0.1908145830889244
-0.07468730691163113,-0.044589336460939516,-0.03839103116251397,-0.025122071991239288,-0.02643478202684974,-0.022343898085195962
0.0786150457264906,0.222056521940603,-0.0722205744885875,0.25736028008258904,0.3601751610716357,1.3680537453114716
0.17005473575765953,0.2507922582918717,-0.08000176700681139,-0.2045101536031427,-0.7014421853905354,1.1713589551801313
0.6383067220100364,-0.2736909325988817,0.853227363585557,0.13936517377129526,0.4528563594557355,0.45494027138620324
-0.29969531082947415,-0.15255924267623563,-0.224469987412166,0.12285100601077656,-0.07795493541040292,-0.9555442175517835
0.013381422846832065,-0.08597646066488561,0.012091210437013881,-0.014709210489356972,-0.017059537879320255,0.06701616085089108
-0.0028246212912785207,-0.05967159043085171,-0.10378709246945819,-0.06679047004439313,0.032330068295604024,0.35231323022098343
0.372338340549066,0.23049469644556353,0.18784002202039038,0.5949623892154327,0.389940870872969,0.7843845668662935
0.0887501742184088,0.24758929852341038,0.018731633262638655,0.19175369818402307,0.3339058857462447,2.055511333672798
0.6158279559277416,-0.17945254430009527,-0.14381634771812193,0.3370027930356638,-0.5992524524094243,-1.033489431653397
-0.14038246621685468,-0.257086911978337,-0.2892024873113203,-0.15043533586270844,0.07326813764418456,-0.3647360786549164
-0.11483774874305619,0.01848496892343491,0.4345672220008917,-0.3746288279115456,0.20893330813777197,-0.022485663047404833
0.0019816707170895553,0.08868416425132752,0.07136987865944622,-0.06363347151481676,0.29597172876251593,0.8196201522566111
-0.07023159343086459,-0.0905692289894606,-0.06860522031911885,-0.10741161867581803,-0.18342373049023783,-0.2603079886930169
0.6874540337484745,0.44384631715416456,0.17352642793928053,0.435501102375892,0.6989406919045233,1.6744170490785748
-0.12328113362526887,0.17034870207111963,-0.08658015266786712,-0.054169013518807846,0.002164500396297883,0.3406636802864322
1.1274660801946508,-0.06834588085145293,-0.08032772274798494,-0.6076677120141383,-0.5130913007267283,-0.6510644038977794
0.17438525875711341,0.4356102232716651,0.17094873940254163,0.25029506810358215,-0.3666354337195648,0.8866630388107706
0.050546667054356585,0.5266480078194449,0.26563556598334015,-0.12597591166899344,0.6449872381959038,0.4321329107718508
-0.3544996362526121,-0.3489415843835757,-0.11363275440928912,0.07822858383745547,-0.05315279882723028,-0.8642964709683455
-0.11975234542016897,-0.02389725157021071,0.16826188233072337,-0.05959124248969709,0.10831929436633578,0.5054896475597825
-0.12686272503769966,-0.3262282784037857,-0.10446511355139204,-0.12777165042763308,-0.02452884346620303,-0.2989735884209134
-0.6818934778939818,-0.0029287721733016613,0.424853890074573,0.2410916058622911,1.2238301995664174,0.29933534486415203
0.3951797730657722,0.21567519186489367,-0.037266545796054984,0.3271904972343276,0.07701763620840613,-0.30342228733195803
-0.024352251442754578,0.07691377377084235,0.056602183985238946,0.09830839042770419,-0.23625980922121453,-0.35819712037840773
-0.4110775729987596,-0.09335578485900058,0.29248205366383595,0.0616395766594796,0.47276325028425076,0.2780364673720964
-0.24524031645833805,-0.6012508591164751,-0.8481259235254263,0.041738013853952004,-0.5676168781450562,-1.1629823545174174
0.07096084799641694,0.14674227227798967,4.2116873438348873e-4,-0.14795751887357025,-0.05735092744522502,0.5915977963108018
0.8516367285692846,0.07924011600581748,-0.9257510293520952,0.7371228309762942,0.029568725369169744,-0.7546989250708269
-0.061397979016328076,-0.5154179693763069,0.6841217373156655,-0.1724265731194409,0.047302397178793344,-0.08458273432491592
-0.21714760562395516,0.10799279561749948,-0.11852169777166674,-0.08478945826254655,0.013487670249169602,0.41467315496231627
0.036674541405405645,0.11769393054475713,0.6261255558691843,-0.04108872343888454,-0.5111571075252812,0.09891945912896867
0.32948195953099985,-0.8044779957172293,-0.4212823811316147,-0.21838427995977097,-0.1986147277784516,-1.160306192130943
-0.08980466836391886,0.35091869253011554,0.32229391934593543,0.2882544325635709,-0.07783888757927662,0.3295051438450219
-0.0056197271801056185,0.2711446463182474,0.6514222604908083,-1.0806176362990974,0.32861799817266074,2.889668169174383
0.04864348703933349,-0.028638536060461548,-0.05384779934951586,0.007749531285384176,0.03921348379682787,-0.003980389702043158
0.17804487571511057,0.20461893341205253,-0.29751231831107255,-0.024904973942251753,0.3051906498350593,1.4570770214472164
0.39341975433278625,0.03924886271844435,0.18354378194540222,0.04328637295180205,0.2892055501564006,2.1414927187043955
-0.004789167001262458,0.5888615751729728,0.23017856532366732,0.7652743144450318,0.45670634641928964,1.1476085022087494
0.02620559007204856,-0.04628378196515701,-0.1354622127415593,0.1153103421066286,-0.04701753736672005,-0.10979503552953776
-0.2322598179182476,0.33407404467556545,0.16237695928331541,0.32184566919014446,0.3266134240083249,2.0316124882498885
0.8069398501034435,0.14365203709195687,1.240814808229692,1.1036712875023122,0.7929060107299263,-0.02134079619882588
0.146382214929463,-0.1334879274557335,0.17820611471048364,-0.0013262397394258971,0.033872056408003386,-0.2566248455686687
-0.2197825594203097,-0.15270815300802149,-0.08531789594528923,-0.25242523018991786,0.1831300862492088,0.48042163560421414
0.2836146239566558,-0.21540851810871156,-0.04789210095836918,-0.10107697512563861,0.1139330286921554,0.14420287584250202
0.1740843007423593,-0.037014265520483175,-0.08687498209403699,0.06145773780837329,0.02113554868414108,-0.47112737489857204
0.5283159864225279,-0.33704361976003183,0.31479036253408904,-0.03973948922106151,0.5604182584802972,0.03803481204661777
-0.5820680765439763,-0.17562307190202475,-0.057799735505556546,-0.09445075122281639,0.23128276680526205,-2.0189984845095688
0.022660501459403834,-0.18058025491016033,-0.19204117219501496,0.09733318984953855,0.591316593981124,-0.15787104686363235
-0.119187356499942,0.033560603973385554,-0.22442151061822704,0.14466600991427828,0.01293801686246516,0.0227316038559818
-0.06403453453275562,0.15288540399769912,0.09748271482576425,0.0362927202755188,0.16754654992691942,0.26234958478575865
0.09577676086721496,0.10898433726319887,0.14082380596084737,-0.11383479412643777,-0.03183890924730535,0.6242244288482957
-0.04666783040273459,0.14471557316396239,0.1079858703886012,0.05101881400878913,0.26147882854018134,0.4447871723266888
-0.147638994196187,-0.26621074973207853,0.20426152355484117,-0.38802684641363216,-0.15877207398828053,2.122870202783193
0.10717456015133368,0.08330444531985362,-0.05146169096593913,-0.29699637165808207,-0.13968988356469045,0.02760011149981675
0.13827714926528137,0.19620159232210654,0.5663295146067069,0.22085410370323813,0.2353701639745724,-7.243838361047187e-5
-0.1364217333172631,-0.4087679207821567,0.1276756586893984,-1.4331265651561222,-0.2643722871907604,-0.03946765515699881
0.13328422441448837,0.04000602414810326,0.11152396541536354,0.27785808229421116,0.2698984253030452,0.2757739448637717
0.581048357151469,-0.7362336503424862,-0.5107621626643133,-0.19483940841333294,-0.7541193553230765,-2.845484211616649
0.7485018645212279,-0.46238289370855606,-0.7136604140957078,0.3199260304539908,0.1587022014072211,-1.3265185353777087
0.4969704167235878,-0.22121801166709318,0.621258889707345,-0.0446455354633287,0.398713556914138,-0.5805771570098976
-0.16297894453092876,-0.029070193602210505,-0.03550723926763875,0.10206848189876795,-0.016372560677641573,-0.34809505155541187
0.002002525742665112,0.27714410713534254,0.028722783548518906,-0.148440649019497,-0.27200575490448425,0.2882318197816889
0.6264143072696012,-0.11752608835976544,-0.02104346942873967,-0.12889907341183743,-0.016192022952973673,0.10170974976044093
0.40334315413229976,-0.13151091058847095,-0.054890850841595014,0.22348126828669437,-0.2692131198834272,-1.209550665535967
-0.5259209841574883,0.14991128404733836,0.018882787038645613,0.24867418327702534,-0.014221727548632563,0.512572355179647
0.20817239346216992,0.08791253637089945,-0.2207394247957543,-0.06012038626184496,-0.2900816996545554,-0.1053361221013572
0.1275990509770516,0.14185396267386943,0.14197170421268474,-0.1954799794883283,-0.31908944079709506,-0.2100649769723517
-0.13399458781088755,0.007042274120349527,-0.053925370706278355,-0.05982834633143516,-0.014301566017945976,0.1660155200776954
0.29527660033858816,-0.14511919486236527,-0.040803944963619054,-0.3127859225792937,-0.05497826128018344,1.3036216611071096
-3.2002675323940255e-4,-0.4141439299652477,0.3759145315791511,0.08376098480408295,0.4515521488799001,-0.36038190591151814
-0.30122690343570674,0.38493111964414645,0.06967179427996838,0.3834659701872296,0.5813576402605017,1.0308025478967213
-0.020333192553909828,0.05846008296389699,0.10857495296272905,0.12089273063526128,0.09098529428462988,0.5060531457931658
-0.4674029285406069,-0.22971279797581368,-0.10970905967210509,-0.4233179286675484,-0.24187431975257312,0.03301452391945069
0.10177197624763717,-0.016452155337322787,-0.06625465408624938,-0.09345324154882262,-0.07954762945734349,-0.7736535239335316
0.33552506131914867,0.4219884632360693,0.8789738958959747,0.010073804193281471,0.4319034733968565,1.9854650115026689
-1.2956084279166407,-1.460124429229518,-0.999613327863942,-0.33224582660746926,0.21291321150580106,-4.2207003736151805
0.12970097261998836,-0.1349579588272734,0.1080483985072163,-0.4772450477759249,-0.0825632343852312,-0.4336392364581141
-0.33827461196411324,-0.6518132702557382,-0.5936256916498698,-0.08775686108433041,-0.4471024158909456,0.2666535384178059
-0.1933291382792306,0.24595816075407773,-0.29543510266825096,0.06868060673468801,0.012489456789088992,0.5261349780592325
1.1380319509159087,0.26096138661103513,0.67193619707268,-0.22050220248923846,-1.2849027746407093,-0.9787157595308102
0.19448732174024214,0.15333901983093334,-0.20004937399388598,0.2742464306690381,-0.1264444419487886,-0.7045797231695515
0.36454458501816145,0.0186075886867432,-0.12273551704719195,-0.33227681233970713,-0.17625685900671656,0.6497472318958054
-0.40252797504880505,-1.0631633426642755,-1.0508427272847745,0.2851345741951815,-0.22868081251760844,-3.014300736627132
0.32361395361345396,0.3747007920444281,-0.02514913393105201,0.3230066679662248,0.43209109739388596,2.1482582898097
-0.057246941448594706,0.4512864239434827,0.1411732048372278,-0.48279954015253873,0.06222926098479926,1.3387161540675965
0.036046551017365966,-0.08786932775876258,-0.23500765293576178,-0.24510876116842004,-0.12529646719869697,-0.48693553940523604
-0.19524704526538397,0.06660619748884447,0.19600847397738672,-0.006837996630314658,-0.2467209367006558,-0.6386144339998084
0.018744152808540904,0.7562061845941795,-0.39705932426808943,-0.5651460112684836,-0.3459582177452089,0.03714405815298884
-0.1505079305922379,-0.4201035422492657,0.1259547238493967,-0.08209311446180849,0.4877846571538902,-0.8296357224694645
0.007683728021919017,-0.06818686573229368,0.0883012584836897,0.03021963307264562,0.06625407394503935,-0.23426010575218378
0.6574279660343173,-0.005240297133046746,0.32289696478303,0.0069560456553588185,0.17160242806646,0.654819355240569
0.4646672614672158,-0.33145736287859773,0.6103419429150934,0.36359313521927644,0.1994244876879017,0.40559881345524135
0.06780501529651466,-0.05358182495030579,0.07905799221764438,0.046371913008561215,-0.12381093550687895,0.046605944077927855
0.414583406017266,-0.37014608117328623,-0.7365259945560754,-6.84517756135251e-4,-1.0025580741521432,-0.13202339512962605
-0.10921673214834227,-0.016376918160748273,0.3119515877672123,-0.21554999620430684,-0.20223530431405848,-1.0407827736933497
-0.2849313080767239,-0.5933036782398728,0.16800554927048028,-0.2030876755033862,0.22057701560236592,1.3053794520446098
-0.24805575767312746,-0.02278347257215153,0.18147761853261038,0.5526958993729286,0.20171464706259074,0.6313331403300386
-0.27476741849588115,-0.1671858787742234,-0.3974918719242277,-0.025868650748810906,0.30994833143549,0.6812938485179573
-0.19697681199566405,-0.3264900678577537,-0.6477051879579664,-0.39234317875887964,0.48866703286764096,0.5598353438074085
-0.3774933991310247,0.019392334076506007,-0.17957903505786849,0.3270945919282051,0.2652647162365982,-1.231250305249921
0.5482264479262041,-0.19686487980214315,0.8030416151796351,0.06910318287806333,-0.44484944130363097,2.6342324797497794
0.34787979334648045,0.2719882613451522,0.15516725085004535,0.2171446352303791,-0.13429709501622275,-1.451695660699525
0.03502429463920738,-0.21867482341886982,0.05286765410063533,0.05351976725034532,-0.18283177606103776,0.3556046912071465
0.018124427538748177,0.014565322349595762,0.024238995482516724,0.06145582705601778,0.09056595254691908,0.505967396383398
-0.17138219915591552,-0.47325248228659655,-0.03566099327424475,0.22885623441403283,0.9611816982117043,0.4303983709289041
0.0558391829299612,-0.11531921297554057,-0.011642858502362,0.2800085774287727,0.04118801339981424,-0.2710074904996552
-0.4035478124777597,-0.3145622850531078,-0.4785624845791025,-0.1347128382297246,-0.1812658889492004,-2.112453215698039
-0.15202282181069374,-0.21514456271136295,-0.12845790987248099,-0.35957237870836084,-0.2575592094926605,-0.7278300485032488
0.05693140741839701,-0.0509304025661693,0.009150818527472371,0.17674357575120986,0.2505838279293454,0.7336462294330056
-0.07092719216298148,-0.7545960926579741,-0.014235373276898954,-5.716406311425271e-6,0.16957818315667855,-1.8616289803057775
0.03818697025681004,-0.02467027280706429,-0.025158491129265725,0.013614872162192631,-0.036170663906236286,0.10225928349527387
0.0377233421648901,0.03137559406497194,0.06900797407430162,0.03648850753147203,0.014650568004911988,0.003304766942851276
0.20529504832628861,0.020424642467845748,0.04867683344924619,0.10189562114020384,0.2344078892080906,0.3192709587882677
-0.08906341775844598,-0.7718045708182365,0.07730080695599077,-0.40747488597832837,-0.47621493761723255,-2.824285871365669
0.21912528431187567,-0.6614237570273563,0.8193680499858169,0.3534691024267546,0.12463869156558882,-2.1615120656551983
-0.00962484983619662,-0.02358882166979137,-0.17668857945748484,-0.008286317348423156,0.00564331857674502,-0.3144713428009655
-0.17840135004951352,-0.31530266464642065,0.40516068742607037,-0.15843638922015937,0.028340922093500073,-0.9687231166118385
0.08317342963049149,0.25074711962822466,0.43680616386528837,0.13615890058759872,0.3391031302069731,0.07457362845925565
-0.01959514220605041,-0.011623837497328007,-0.06524862190847015,-0.010840415759050743,-0.079616315151296,0.1190331046903224
-0.3473407481497453,-0.4493527755433289,0.0359185573759907,0.5522350651767114,0.6069683115892152,0.3152126805725869
0.36652421532719526,0.23996916757558576,0.5631931366542052,0.22041680128268415,0.42977751996041735,1.018580864773797
-0.23534149189385217,0.46438887231089226,-0.020049704753637983,0.16057627918324732,0.14095136137221034,0.6649567127335484
0.046792841654437464,0.47179552539710673,-0.08932392612517327,-0.11558014397938313,0.31335155303372497,0.9984274498271422
0.317706053428891,0.5868296685759019,0.2571026799644294,0.12580071609192628,0.050568775712695024,1.3897426977365817
0.5868605309678191,0.6265408806226699,-0.2593863824269758,0.392702864763936,0.21050965510687702,-0.3316843727885758
0.21360983157433236,0.23207841937353768,-0.7556109815021799,-0.5404421840804241,-0.1235023809099886,0.689923601132285
0.1388488495318454,0.3202373056183422,0.6914104744350973,0.908910923976196,0.7051322458351572,-0.21743383405896383
0.14869152595700882,-0.15373863466159382,0.302940389205681,-0.1697670380689139,-0.4661309944053557,-1.196358399273407
-0.7329199910208192,-0.08736847435017411,0.6289976925320737,0.3044373044305361,0.07979033891861712,1.4848007439958253
-0.2596849640702318,-0.16020095811206755,-0.011343198580082443,-0.091084525509224,0.07598099350962081,-0.1264724080273641
0.02571686849323056,0.21200495502436664,0.17487072802661835,0.14967766414323874,0.2818893212769932,0.5166002263676612
-0.16277132546951703,0.2533934634451422,0.17810156703786356,0.004278940127939477,0.09998867781745258,0.6556841976877237
-0.018697213729407355,-0.1887708734503068,-0.10743089931608502,-0.17698566880870176,-0.13629584978540324,-0.18887498956821908
-0.02697799138143051,-0.006671491679357414,-0.038793317438551515,0.026492512168139193,0.024959254056150727,0.014033723496322119
0.047473046123502095,0.08488467380729797,0.303712795287166,-0.26859180532322,0.18800392162712884,-0.5610734459847253
-0.11801654738198158,-0.027016982302127304,-0.13823280049752318,0.17076681687830986,-0.10004911436564508,0.05377065636717627
-0.3003026967374592,0.027355773250420434,-0.8842424356217086,-1.151988214639053,-0.4604907209360659,-1.5730057549964398
0.23303069748018737,0.061700058952670375,-0.04257591967642782,-0.1358877105469554,-0.033407454933231794,0.2924788637585806
-0.31243523034294984,0.03591963737816161,0.15874109573225426,-0.02236538987866342,0.13231467143569672,-0.5466786894199201
0.3081888420635561,0.5737057905129567,0.2335537665760538,0.18030039368447184,0.04711225398678378,0.9606213961249215
-0.17378549695836326,0.0033746834363143747,0.2224705328622321,0.35886112884226745,0.03643983760724431,0.17795108603982335
0.03390698972261447,-0.2706109924660209,-0.07805157155387915,0.16069663327736353,-0.009528590434542246,-0.42704449722000726
-0.04380220650775011,0.20557998261622348,-0.11688454230423,0.5639009077014837,0.3109931661825802,2.061120536786251
0.08133669764153627,-0.10313098192467382,0.24684642215317007,0.019009859418003112,-0.025610329055230575,-0.7041197818441539
0.2840070388611191,-0.17260587585569737,-0.12405763706596247,-0.08773664670805006,-0.24976142255906822,-0.7774640964360912
-0.43702276174311044,0.20312445769265874,0.028803728540363355,0.06507911838903441,0.07821467561999017,0.9570064065694358
-0.1753015757252343,-0.07862314928767139,-0.19008990501340373,-0.1019925844861673,-0.13050336212252542,0.6389768199123751
0.0425566620153485,0.3593352941987002,0.19292732671809296,0.06718940916966894,0.07502260436799268,0.6285410002928937
-0.2572173289411675,-0.3220907096139174,0.24634360386048343,0.12640656064524347,-0.2625088670567483,-1.011468604181548
0.40824519321811414,-0.5595883247483385,0.30231070577372826,-0.07156064766692952,0.45473738052919255,-0.8892652166678494
-0.2015612840330538,0.27717615900517084,0.2354708984150809,0.3807270653486981,-0.3509753471425574,-0.08492290575897123
0.18296641412254558,0.18357674268628407,-0.3085996088906797,-0.0572120297052263,-0.0012662230905327227,-0.2539307773894787
0.149916889774868,-0.15660384329946495,-0.4367458430429648,0.04214706005287125,0.128286740451771,-0.16269327915306436
0.041082485957412776,-0.12803695859762174,-0.34636060846710615,0.286944965431224,-0.41452015771953865,-0.5384152707152993
-0.021981310542501284,-0.4136337432301746,0.14912488399499083,-0.18058844898484352,-0.505403442043194,-1.1676439958580445
-0.3486110176936044,-0.09075510912375402,-0.256468261351651,-0.2566891516730517,0.1138440823770288,0.018139211626105992
0.7661030547793123,-0.006526254228192832,0.9316966027920495,0.5603208409630241,0.3039506607294215,0.31829337372464445
-0.06884002699702256,-0.10359152229000819,0.035815895953143814,0.20705540729314917,0.012988776546068732,-0.7574880559979041
-0.16503558034608976,0.6613134970828873,0.1287887822635934,-0.15314436435731638,0.9797585574877873,0.26476023718678315
-0.21065180889393917,-0.6495600466673569,-0.37382030935805444,-0.21304359709079188,-0.743109061236967,-1.6064355488412303
0.02006503876633778,-0.027733606203644835,0.08099177881617012,0.054891609685971184,0.15907816295089833,-0.1664373237455244
0.017601177771819496,0.1560989368349199,0.20031889640463119,-0.4220308057686428,0.1615592873253571,0.7726097801077185
0.3973208188203533,0.10070302720584356,0.16792810937200736,0.08715378833929648,0.3546314915446161,0.9337455267741447
-0.020805090743251518,0.008564388266746242,-0.0907352974431858,0.19761074387858046,-0.0680437854653433,0.09547783778438569
0.33540213673534314,-0.7694721237185652,-0.5579515543875262,0.4047011718835892,0.43639925222074694,-0.8721981793265086
-0.25377560762509005,-0.2948288123493366,-0.688545595907498,-0.48896328469447264,0.13883236706182195,-1.0478241493403873
0.42079565806539143,-0.06246824617512807,0.06628533791553942,-0.09254741820555723,0.535253044777993,2.119733173831356
-0.41338072014855937,0.14956644918320777,-0.35932328321309737,0.45406146816935294,-0.2309391825891382,-0.8805115066075544
-0.7629398701688539,-0.351383145004449,-0.28965742926174093,0.33425464519596604,0.3929239479027271,-2.5456782832494884
0.031720353195328024,-0.10077619268493739,0.2779758985215971,0.15022920494915173,-0.07251490871449819,-0.12667919211438286
0.17023183517968846,0.1783541913320586,-0.29906975060131774,0.18082456828635748,-0.31382957360127867,0.22157500938050853
0.24970769664563738,-0.12156359114151508,-0.16890537947866022,-0.514106314780179,0.044212397298813724,-0.4561599928648706
0.1956847106299011,0.2605963767840021,0.13824837310375074,0.19892658337065605,-0.6134877601949223,-0.6813001586192561
-0.3516548767655401,-0.19120648117021008,0.16191814852575764,0.05180766041420969,0.29649096707812644,0.1685469546475911
0.6572798198224588,-0.3979158142885517,-0.18909752019096493,0.7032634032309999,0.1856418985379852,0.8868906863977333
0.5684123274185559,0.4451740402540411,0.03222731032491558,0.3425015861042847,-0.19255249468382074,0.8503037478937848
-0.027614346728407027,0.15646046907121788,0.17964991703479655,-0.2721036730346133,0.07939202462112875,0.3201269134821023
0.38114712805731094,0.13230596600451752,0.4542404120381841,-0.5152027289921053,-0.046258971443884446,0.4846401640982746
-0.05109878472485246,-0.06443324275851914,-0.4188162583460638,-3.414722966176661e-4,-0.6064123284524241,-1.087980533532265
-0.07693108485765682,-0.216137797233073,-0.27328900042975907,0.10234837034427538,-0.07688849016725004,0.5182249511118519
-0.24277200164325705,0.3150654415809832,0.26538144403846825,0.6531350853720257,-0.12041370834759492,0.5856351540809717
0.47241948795666794,0.15714074233985995,-0.011717090391439604,0.029433558903404624,0.5428916067302783,-0.587072534102824
-0.3204742393786102,-0.27836717048396753,0.027321070967935436,0.30002689964242896,-0.1807295925306677,-1.6305356566630262
-0.6552175298390444,0.023662702815101248,-0.23958738808859745,-0.435755163670457,-0.14066730796814883,-0.2773223292508842
-0.028799761592990067,0.00840954074963185,-0.02552594446312867,-6.60019600192113e-4,-0.0013332501085278811,0.15937857401908934
-0.09106463575096499,-0.7476686487761031,0.2225220780093297,0.718031741270175,0.059580138351186696,-0.8039426940557588
0.04368501422312539,0.07059990967118233,0.053015698362065315,0.03092254513563682,0.026372891148648662,0.006003635086157286
0.18057842754304126,0.6701136001934074,0.21377661870189674,-0.29185451476552926,-0.0823731004956647,-0.8535089179196426
-0.3482230930099775,0.010845816320206592,-0.33673499546217817,-0.4965890022886845,-0.21900984112057106,0.02712854985326166
-0.28601920708834233,0.26383887332077754,0.3897662302333161,-0.12485232693749519,-0.2588131105075725,0.19777125303613902
-0.16455889454861752,-0.08854577229432072,-0.18504487880622314,-0.18109053639213948,-0.12056975139894906,-0.41300666766637967
0.16259211576002972,-0.048201036249844814,0.028854123479543838,-0.24987538822739183,-0.40001735442956726,0.4138733704676986
-0.009709258214599432,0.22160836799993391,-0.12139588744821177,-0.635052392710604,0.629795908710005,-0.5515178747661487
-0.03196973340442118,0.011970378370020194,0.03710441471270311,-0.14209385874244407,-0.05114064649500985,0.1670367632011763
0.3246138502934568,-0.6056754662813022,0.1916836644604253,-0.1994328706303888,0.5033375151492205,-1.3918742098656933
0.050828956854066604,-5.96863644046408e-4,0.3296587184302469,-0.06732965592169647,-0.2793291766047241,-0.35939210160240836
-0.18002373423823675,0.09510441360968593,0.3232097805859844,0.009835818068283902,-0.09936199892510368,0.2108905970542131
0.3465788532247804,0.25309325770682,0.2626416271882601,0.23531440526723468,0.3177276783684668,1.1262925466888223
0.11811722991095404,0.111485299198499,-0.10850510071566956,-0.011106758416851282,-0.17478407308219499,-0.21732389531755988
0.011106757576081573,0.21964184435757608,-0.4481855973545437,-0.11787465964152045,-0.01249099918822005,0.4280723015540469
-0.19082693428692787,-0.5976294432945529,0.8275447944414845,0.13684276026976647,6.488238064176469e-4,-0.034042932250869115
-0.6282700532845384,-0.6474782184034524,-0.2683920211177951,-0.44760836695230743,-0.032340645511006544,-4.460406164027791
0.4111047957826317,0.31508656122481365,-0.1657232617914649,-0.3346169620410128,-0.8668239871471818,-0.7499435681902353
0.019752361320855706,0.23709035467905848,-0.039910698617064005,-0.44132606510239963,0.5751912450859892,-0.5459579337664238
-0.31153391018630444,0.5355374779567957,0.7681100960581122,0.5130261460314386,0.31252812549354636,1.462752110899028
0.0937613515132408,0.06429963031422568,0.018838447964346652,0.05702177886188653,-0.03888336018553538,0.426570751004978
0.2959478213624705,-0.11520546724915998,0.1606482004109517,-0.441993612657932,0.393940241499793,0.5115608094317814
-0.0642890059961441,-0.09031251042733007,0.001699771022213464,-0.025286917328955456,0.022536838421721897,-0.09216730789553317
-0.1227486041729725,-0.31413030631226074,0.16471732110650342,-0.25880896162252337,-0.15488892429125142,-0.34348838579759033
0.7426643693630562,-0.06162337040803743,-0.15230696373930638,-0.10184464255336875,-0.3392323675698236,0.1414170608622302
0.04272377095101548,-0.13702657040685096,0.16786231728123974,-0.30234283878956353,-0.22814536046018102,-0.09072130571410547
-0.2876174783246382,0.013775776514209408,-0.48610574361417064,0.04099535708851391,-0.541130647883929,-0.6004924852052533
-0.00511903143645701,-0.013317807608230037,0.02126482926806631,-0.14523534834381924,0.215351964148313,0.7055053898629039
0.25014523535321304,0.06675571957744311,0.9788012344616004,0.7289990239007847,0.14902997947928462,-1.217780468958665
0.13289197130802835,-0.024531629756730632,-0.0927900924040707,-0.1680573788275114,-0.44254100640954946,0.3090478109073484
0.037155145157856354,0.5543259287648236,0.1903625957312974,0.8224325554465797,-0.03228247616929203,1.1054877146815243
0.3116651653789169,-0.118267925870681,-0.1380154892890879,-0.04378956234208623,0.2037893319512411,-0.05367052587538052
0.43584993336657957,0.16873469437592253,0.6758095264813464,0.29485654935670375,-0.13620911951166675,1.4261986977465666
0.1434118369946254,-0.003538883677961971,-0.07634546622627954,0.0017019271457511783,-0.023077515234123238,0.4292652780889051
0.04719614887537273,0.12768710998705185,-0.016526290546513906,0.16250475248053833,0.07119347456066846,0.7716580210590417
-0.08653421274954283,-0.10277225708735784,-0.16170472537262218,-0.42642909736497797,-0.02658594617641619,0.32490659689124063
0.047598316885075355,0.3830244189396545,0.3049320143455068,0.003739156605922345,-0.21437182335342544,1.3785288103095465
0.3110344794531484,0.5862772691395405,0.7843414129604958,0.9525022162545769,-0.4214041922429398,1.1896648054915393
-0.18821026609030606,-0.04882984924435035,-0.23417643339364258,-0.2718599657548198,0.30179058037986556,0.6260343891445471
0.40697773901499923,0.25261278882567934,0.12395888487898858,0.025566865107203532,-0.060473438203428945,-0.22708904281790368
-0.22000577993380624,-0.45347554449716476,0.18809019954642928,-0.1694909150370478,0.18564604648862013,-0.08532548586994053
0.037125083281795715,-0.0036069705311009255,-0.10907625886894591,-0.043147337538249723,0.11351775906999467,0.09180973807801976
0.43569163452033466,0.1608762196197371,-0.01621399486458556,0.2405889838676128,0.3842175668206974,-0.29545721343993536
0.13760112122753249,-0.015992060379812444,0.3332677598919867,-0.11050435066291472,0.14942761541600108,0.0814718463096122
-0.2629103594507069,0.6998593458246193,-0.14039322754194075,-0.48748378844796836,-0.15810210235994274,1.2554930701614033
0.21289020477451812,0.12712952564774355,0.31049489044060713,-0.35359803080220453,0.7532649498808803,-0.12248794718932718
0.1609229225574324,0.009627455973095493,0.024671012330577495,-0.2251143327625177,-0.07942202573611486,0.49458180427455617
0.6477052171096074,-0.35409808279121147,-0.06954763157801153,0.18331745422383217,0.49612910555359097,-3.134479295337301
0.6778633978900062,-0.4271210292002342,-0.19767450684225457,-0.05347235798920236,0.14524501414806015,0.616229952923288
0.08589025720876885,-0.19862524611171767,0.09753190147677344,-0.06128386679686756,0.02261090730422243,-0.8503848728881221
0.28134858157325265,-0.10962041768977576,0.46131996303272377,-0.26724123615175277,-0.8486419821505353,-0.7941839184561371
0.3464751942580641,0.021860910252209063,-0.4382658159058773,0.2292996058788808,-0.0470885811227821,-1.7621379486215645
-1.0711997845784371,-0.8381356689717582,-0.3236679255847841,-0.7016812462905886,-0.11088324808245485,-1.8499250655025052
0.43377804983299784,0.21316718957171224,-0.10973858291423894,-0.16199178031729472,-0.07521953889484474,1.6646414794932505
-0.3288306522884793,-0.054029980822411366,0.14405506291913858,-0.25150664604108247,-0.269769244784159,-1.2611695296373011
-0.09378058406334892,0.02421426997698183,0.10033610402437404,-0.09587619677480311,-0.08180332306584594,0.23387216128880922
0.43963391620971154,-0.24833194041176482,0.42068195162162086,0.45285744311759846,0.25175459505490827,1.1916337855706183
0.17839934630497944,-0.9945624819018127,-0.012100281562500412,-0.5046262233450185,0.8030092308444631,-0.40293321501107526
-0.2736415899161147,0.361496071908486,0.06966359477766448,0.16882752139961624,0.3200208758636945,0.5244015777019695
0.6488240310606853,-0.3572120337714802,-0.1894158974846801,-0.1810480361267821,0.40234502926797094,0.15437752891046144
-0.13332382591966466,0.10959564887404474,-0.05108842924667601,-0.161624472321509,0.052151402459179076,-0.14784230030384565
-0.16389624936488256,-0.039254748702544986,-0.21524718179087646,0.14127734232756375,-0.055512629137394645,-0.9972220827781838
-0.4392482271118908,-0.48029500306069356,0.21587033414697887,-0.845896126832799,-0.304509025944674,-1.1769189305353274
0.08253370885878339,-0.10715202087155219,-0.08211774142973831,-0.07507665348816539,0.34446568586049753,0.2980494786844151
-0.35039597412502105,0.27577500998667753,-0.4760547135009274,-0.10192521388679633,-0.271288570873346,2.211006237459584
0.061823526306744404,-0.348505783396744,0.06249050664734567,-0.0050286021415747095,-0.0844226200920241,0.8279771303605027
0.012538674200741963,0.07161180465338844,0.021883125947547565,-0.03174787958858416,-0.013198571242625731,-0.05526472825035574
0.12571892130495219,0.7460969458859477,0.5644637171994855,0.29626720231122045,0.8215187106833144,2.4092093915593504
0.08681242747455652,-0.2560796588909185,-0.5735580803635372,0.20344338380795918,-0.1705748640271568,-1.2202741994212152
0.009671722835414025,-0.1734342113740491,-0.1488838890323709,0.10064830927934085,-0.17635335355362713,-0.05404962011552337
-0.18537231435889773,0.428036464783999,0.24243110861877432,0.025441446558962376,0.4648312526541634,0.5037975032218384
-0.020775799355876097,0.1990705057410307,0.15932462789187635,-0.11389955542014013,0.08681523683978548,0.6253083374853717
0.11928989834496506,0.20108201581790403,-0.27348042082569907,-0.10319064765775329,-0.07660340432696254,0.38776909646330393
0.03385384441359707,0.1527483647929037,-0.01579975610488889,-0.24586339515510708,-0.16172515360365147,0.03567079147827241
-0.11173016844444524,-0.05995333608432116,-0.003468781979987334,-0.02142289807243961,0.07173039054066783,0.26402215767900233
0.2031996786709578,-0.09880318248628357,0.17440736547203015,0.4332519822776427,-0.060545880148674965,-0.8621830151231061
-0.07612897240112028,0.1463685672646439,-0.6953770193165016,-0.02954163130850761,-0.8958482776809824,1.3670093120944502
-0.058154264600742,-0.23225040309080272,0.45301336953700083,0.6344414252085799,0.1776202147832792,-1.5540690098955696
0.029936087433053128,-0.5759204221452799,0.24237278282240757,0.020033596318170397,-0.2624328618775217,-1.4754340514304671
-0.19546277314229382,-0.13230646589630746,0.6023179787541963,0.07928470103950751,0.601304698451387,0.8240982185323121
-0.6091104195685821,-0.11355620799921495,0.9141162347298626,-0.4558380640622681,0.39409226733014313,0.13513335629313208
-0.18469264744341632,-0.5291755422352596,-0.004228203067293766,-0.08651407713443983,-0.071885702805105825,-0.12699824333258572
0.31828048118533925,0.3892286783148693,-0.11331885777183076,0.3351478229571149,0.14006703802972242,0.24881174864297792
0.1413783225599828,0.07772707471848471,-0.21268906556720452,-0.026302391352228432,0.10007383086539554,-0.1153177699491361
-0.8109460584661335,-0.400039984521691,-0.23231362635564973,-0.23973654461100868,0.008610818271141463,-1.2685121054625264
0.04974741403143613,-0.14120391974406188,-0.2549136858965413,0.11111161598566574,-0.40356894546043076,-1.0841781657297418
-0.3327030709189912,-0.31003604993646056,0.4908661370395533,-0.25902119792609524,-0.5773718451438199,-0.5121675707391826
-0.38108830144651423,-0.029948397669581107,-0.847525188719627,-0.5552922071001305,0.3358473354120116,-1.340200328395905
0.03271498286230613,0.19586709447069617,0.35583381767695343,-0.039817031799045735,0.1045175069246348,0.18397024137443937
-0.041023837807102025,-0.1095773140920222,0.012791387452082774,0.08574348023706922,-0.18515699943251732,-0.2552267208334707
0.07398049910982497,-0.02391892234433238,-0.09103838820943692,0.10334466682227027,-0.16799597052076168,0.17474450785969292
0.09141267007365399,0.06644390324963757,0.06198138913826722,-0.005878832523190222,-0.06531271720296954,0.15237168857157088
-0.20161144327532224,-0.5376391570408755,-0.24741625166202535,-0.1261415797086803,0.09948660548175238,-0.011558550436498713
0.11152893684401262,0.07125916940045447,-0.10645141748455832,0.43410446483363596,0.32430755870940164,0.7354792843745696
-0.5444126671035795,0.6245756299332947,0.49547537637996636,1.031231325934779,0.11505918266207918,-0.9372650691904157
0.053599977385140815,-0.0862331054184519,0.02211162268518225,-0.016536174382676006,-0.02555449517329215,-0.08252851160606371
-0.011684143143769645,0.013654833858511167,-0.05950115684076811,0.09447159518113135,0.03225772306872042,-0.03141376019422452
0.027883977567528275,-0.21729212418230626,0.12706964970935272,0.025065328601824557,-0.2751058172999832,-0.2760539525237359
-0.35926675880709896,-0.24411696683616457,0.8559575986046789,0.7220084843946185,0.625972413290606,0.41957308173807906
0.006952182522233318,0.09277744863454657,0.3511584345845943,0.6671478495877494,0.3478755734828669,0.5521669275367435
-0.5310817468012513,0.28646587058996076,-0.05064398680654781,0.47357813286460243,0.178728988132345,0.6209133811645837
0.05218885719587005,0.09451602029959573,0.2795775114716809,-0.11155296078997892,0.08473468978697034,-1.0049329385043828
0.09996865934231604,-0.006465313755175773,-0.09324993258189113,-0.06449036922794597,-0.24830017911957572,0.17554860524400942
-0.1201327331033796,0.1622170695892455,-0.11560647599604736,-0.45410690576347534,0.186352279295757,1.1757954430325372
-0.8232417318713297,-0.18707101630607154,-0.3963319292790624,-0.5453309666764132,-0.953305523521575,-0.98372518407137
-0.1073771512408412,-0.04703652797690054,0.017853219954566447,-0.049850787502498176,0.10506672867847776,-0.13464652838327199
-0.4702118417272842,0.3291609415169993,0.35556366726241706,-0.21293216959732497,0.09913056429523928,0.771598139216266
0.09243300805014648,-0.01155242899882063,-0.08923706003171904,-0.05106484586194974,-0.03862014280491856,0.200764213464443
-0.030408556508640733,0.056037278990533394,0.2285644117513363,0.15860930737554146,0.011261689461700176,0.002176266475198968
-2.513183053046783e-5,-0.04949609750701625,0.10522096332730632,0.047136207780890504,-0.09416366494865847,0.0035637360584778507
0.4743722428046806,0.03531665979850926,-0.03887775338399207,-0.44161373124544734,-0.20850123602005752,0.20458521323557
0.046163224231688164,-0.1511373225251025,0.0869011046521046,0.02743798302836754,-0.053303766338745784,-0.2814026132742535
-0.8451272136402093,0.4555547384468208,-0.11653962478335245,0.051542242926007294,-0.44945472129178266,1.1649833544100263
-0.9473827706013253,0.09765865990584961,-0.18224474778587926,3.381305939388013e-5,0.19499370839609614,1.878536955075613
-0.26473773541225365,-0.11751691813065833,-0.30869588393118513,-0.10780479713709354,0.027284593626771138,-0.42947130718793436
-0.025665002375986727,-0.16918952598590006,0.1487936899798916,-0.09144745018275044,0.23994984150290702,-0.4135098607237268
-0.04965895295495374,-0.3311652195318885,0.15677230947378498,-0.3664356726599465,-0.0032910513958698197,-0.861183598136876
0.10311814195352993,0.6221365921019105,-0.062190455047463185,0.531449576091085,0.21027581989077343,1.5009789662856254
-0.03453339279288595,-0.045276976060939056,-0.0062680489676434255,0.09549036949129716,0.12262812486960749,0.11693258680100525
0.35291056400620824,0.1511632023399736,0.34663003907689727,0.12210143383236795,0.19529259598381554,1.6705433741100142
0.618713888594352,-0.1032014564245074,0.74918460841083,0.4825318674128424,0.06450549793835587,-0.1733499669260167
0.35781549108263544,0.7530392198806574,0.21412700791391626,0.25343193711669676,-0.1300668366180907,2.825259239857276
-0.09368142443273476,0.2482582513022472,-0.2288791981053175,-0.42524548806329615,0.07327203096451147,0.16291217938596983
-0.35800569045347824,0.029625518565266042,-0.22575082581244305,-0.11695941853307164,-0.3687068516440225,-0.18749815599481323
0.02123180402966772,0.43728408123217183,1.0832932297825744,0.6280702703513287,-0.13323838066874533,1.3994951613679278
-0.08644260655466837,-0.8700310324373501,-0.275799278060988,-0.5228852781087392,-0.6195069983711667,-1.899895018770591
-0.1906002963035427,-0.10520753413121238,-0.032161981021374304,0.07154098148927589,-0.0062181555674184555,-0.7262298143148304
-0.07628844550439752,0.005818825775839761,-0.32864844093580214,-0.3503284082612316,0.05891826307732112,-0.25565997312891336
0.024232815116119567,-0.15198641556717318,0.32506821714567663,0.09124908821351632,0.07966251716923188,-0.5720843231342145
0.4866620870156641,0.06776971984149308,0.05699567330313101,-0.49797430674353316,-1.090038178160737,0.8786855069738504
0.4024823108267073,0.523701256238728,-0.17532578164071905,-0.2902547297825436,-0.3578502192219976,1.2960843379152518
0.09394123401953207,-0.25228360648856374,-0.4322248541151562,0.040206885599347465,0.7256083383728943,0.6946568793171762
-0.12111589402222014,-0.026588928489616494,0.06976249073706386,-0.031298271511255346,-0.1236457069720662,-0.039279794130424865
-0.1215020189071994,0.07364680161444194,-0.18531933687403176,-0.10350813583742569,0.3332168305209408,1.6455955966789502
-0.002894160272234573,-0.12434077474036587,0.20898814241045574,-0.35072466415038916,-0.21401193813947503,0.8472500101293358
-0.5780493145843455,-0.30771024054441365,-0.11675503531721039,-0.26159324328183553,-0.3882580662978811,-0.7877941748814771
-1.1473892229125615,-0.8706938456766214,-0.03600000047803293,-0.3862882784630904,-0.518162948860214,-0.1285672269156576
0.2724727449247668,0.47557804682142174,-0.16808652493673737,0.13276425829542796,-0.2298664611644744,1.7271530637238341
0.5938929501076654,-0.14370866834212792,-0.5596260302187952,0.009734366689457027,-0.06765402186662546,1.5499035812931479
-0.2899593130382315,0.23834897299647018,0.5643489177361692,0.6263298415293757,0.016041316209520123,-1.7505485070486073
0.007813093436091927,-0.42650096584976754,0.2841685434589531,-0.0083080481729562,0.0018145291464252348,-1.0277462987281563
-0.15236541428300882,-0.371581863314205,0.43575577231249085,0.24484236099415413,0.8542139389729834,-0.17119004229255885
-0.18493471812623669,0.05332137228678006,0.2571922899163389,-0.04761021652071737,0.7745189131009969,0.4328374534321607
0.40228487821104464,-0.0711030932215895,0.02995267855692258,0.010092310688834705,0.2976874117874704,-0.0450216536125783
-0.007147209930433252,-0.2837799693792222,0.09466403349185723,-0.05393735764657672,0.0869786836676827,-0.495333975953256
0.15477957999739816,-0.18187800055897163,-0.06282795735195193,0.38322997505135104,-0.041136376510830054,-0.7239840163838107
-0.09953315792994455,0.033682535072980566,-0.07412546622262,0.10310584322885048,-0.06596955978071455,0.09554591043772147
-0.23589721895040988,-0.45575348847641023,-0.1306987484409225,-0.31520999096345703,0.16943991254258303,-1.490075532900274
0.34461079401754513,-0.00666756043297732,0.2538676123135919,0.3894248173261152,-0.411972052507171,0.28751644498206963
0.4228804656136377,-0.0785938611911582,0.31489836906076846,0.021807666874947715,0.025943795923619818,-0.4251370618274972
0.09962101918322488,-0.15440146343517439,0.12972738469906303,-0.6977254258952955,-0.14852153888501235,-0.11402374363456234
0.10229059093627751,0.08150199608905405,0.22613978351785852,0.2075827813243628,0.3769405506035944,0.5072852668687611
0.004703409289605193,0.0559897665767869,0.037258402457336394,0.16456158514433536,0.008775613421960041,-0.32808741004347614
-0.589899748031051,-0.09814342751874267,-0.02481557485279299,-0.29111849921902694,0.335422572096691,-1.0148557950445452
-0.008262843021289656,0.09262702588060495,0.04011469651644637,0.027748828742029302,0.08897294635242313,0.3136564418431776
1.0695548195548759,0.3855551204025107,0.6576286806313933,0.1683772259638602,1.162000326100748,0.47296374726004653
-0.37162704825860227,-0.1256670128850531,-0.06360280819724957,0.15214116127767607,-0.26369059524338107,-1.1051760330739993
-3.751909306450018e-4,-0.3949528869621257,-0.4145436255277598,0.045000805435401095,-0.30649777283463914,0.5166682349219784
-0.1599454614140932,0.13111623572936193,0.6887464487618222,0.23874548988005995,0.18731827588452682,0.9313583506788332
0.15453700857681668,-0.017457135739582217,0.04396790766017159,0.3362812927670963,0.039817856091257764,0.510085242264855
0.014075540603400355,-0.0707782138226432,-0.08368576269111223,-0.23495399839967765,-0.22953260996788113,-0.22350390881511742
-0.5200500419310732,0.07991169052988693,-0.013896414328637948,0.2295585880621942,-0.1445342893643287,-2.1939762006944674
-0.14309984100727566,0.21949389215419834,-0.422556715294465,-0.04994148912035195,0.8287444150449227,0.6624292762456825
-0.031175202638651176,-0.023380318367219922,-2.798555002471137e-4,-0.14087402691080836,0.029859828790314277,0.0490564566831159
0.6114250524280122,-0.29022840464404487,0.3332415923518382,-0.010001729186530974,-0.2234301036084383,2.0461885455670727
-0.1491540597974576,-0.2510916100678583,0.40891828917729584,-0.4742772006329326,-0.2733891194813892,-0.5488200360843923
0.273803409308733,0.4838065522143682,-0.501311864477552,0.14318879263702872,0.09721650466009309,1.0569537439008612
0.4320662497638886,0.24399769545241373,-0.7604089485794682,-0.42669439409257215,-0.4517137780663818,1.162406143014126
-0.3543442833408313,0.09378560508831361,0.25143505208559125,0.2748451537269608,-0.16025770323750893,-0.9250183186301464
0.15898079557819098,-0.004510842412526491,-0.2241538285382256,0.144055142594294,0.05470508992958832,-0.5236877886382006
-0.30651015743532045,0.11304120144890185,0.15837241887676495,0.46667529705475386,0.14430274728732512,1.0739119706646416
0.09048423650247359,-0.15327990565599464,0.022991416576635223,0.21053125811484794,-0.040952654481308234,-0.11503344079353162
-0.08795033208682192,0.39796108667078095,0.7571156571144436,-0.030780160988143762,0.3245965201845785,0.3056736688975526
-0.01646217084488576,0.5476149155880256,0.4662648405958576,0.2870995822955923,0.14322962175692366,0.3267713035464779
0.5061319721444094,0.2706655311906084,0.1389477804954598,-0.12768460403147228,0.1813103329186315,1.2376996048561553
-0.17831241624553534,0.20980027070156426,-0.05874682653077521,0.0990339604712445,0.2108697386407439,0.033282130060408914
-0.31828505621178915,0.7027078278333565,-0.44037020044958053,0.13410774599631867,-0.20369857452187065,2.096520438903088
0.10634112189886173,0.3498997064926399,-0.6456993547859049,0.10591853537878863,0.14471686007803458,0.7911185434140163
-1.117797473115437,-0.41216207066244265,-0.044405866895223266,-0.6057939650632552,0.07604746798200154,-0.894428738420737
0.1276869849731773,-0.19730235231971396,-0.022439797144986697,0.2121750570639999,0.10782339637873845,0.07700394919271102
0.4792031959868792,0.019283028108792757,0.144718672589649,0.31839284672445,0.052116710348084155,1.0538771911226232
-0.01005724203404456,0.047106557758983245,0.006346230287499232,0.07519462265807146,-0.21252773586977508,0.4972403388293155
-0.22083826963199088,0.09470251660322233,-0.16609767615796286,0.2796729673984962,0.7581827245897025,2.6931237157914607
0.2391983110077808,-0.08515148802714913,-0.5898229874392016,0.0739285553862319,0.11056605570562351,-0.45342354625553305
-0.05189179997411461,0.08645437758161136,-0.0362542167742396,0.21111396658283718,-0.06234230988791539,0.8081621053182542
-0.24719011374082198,0.08217412069248861,-0.4174770451757231,-0.2639992262788013,-0.4412305688597705,0.9540039976344385
-0.28764883287946136,-0.11301317184451394,0.25011727159226776,-0.008400745482245283,-0.05126062478581361,-0.30779293737237085
-0.2694187485670097,0.18715363169759713,0.06843857390815007,-0.2699843134295414,0.08861157380877127,0.4154519111549779
-0.009142376094686025,0.06126020130838305,-0.25276725660807947,0.3076972994260865,-0.1787989558345459,-0.1843517883907482
-0.005475958790002343,-0.09250407426345088,0.24645018768158078,-0.07369503023310447,0.03255349860269944,0.4401133122257517
0.15176235145457936,-0.15179328980639034,-0.32042435537239466,-0.5088246443017829,-0.15239241323635455,-1.3197052418792865
0.041922181980628116,0.1307662406112017,-0.5010811797357869,0.08235906809588317,-0.4197604958475277,0.20238038322500454
-0.0046432924098142436,-0.15740044428164487,-0.12774894961400668,-0.12425306650605712,-0.022860357716479034,-0.8017927961577671
0.3613145340492339,0.07426300198011508,0.39445610129384917,-1.9663771368637123e-4,-0.2244852078011592,0.5560512147383979
0.5605006810920259,0.5228437748562927,0.4523342226174362,0.11836808257612244,-0.22970818687505912,0.9109208016950707
-0.04781067502578963,0.1088474722489553,0.0522236249303471,0.12006257599234799,0.16307695488161494,0.48664572416885216
0.2682759756356876,0.3937075541650578,0.5916156838998415,0.35920841596712766,0.07456332987396702,1.4839207572162745
-0.47811161034581445,0.07925410830961045,-0.03332834265666239,-0.38320833823905087,-0.03826872656605791,-0.20984701639318054
-0.6005027048656615,-0.20184828673045974,-0.6522905725955845,-0.5131525203497876,-0.5814000092595377,-1.070988698790377
-0.26630419151242546,-0.7956474728757668,-0.5588764495815679,0.3353354298056868,0.044188537601865835,-0.3334633030284786
-0.46518708086507526,0.03657961319197235,-0.44045896859399253,0.4058812234437048,0.030445843939511212,1.1124205918388548
0.14243909890460485,-0.23413822637768797,0.11632970808396802,-0.0389944849542595,-0.09649555011144181,-0.3953793816684076
-0.054859888303006525,-0.28400999213739336,-0.49916012502091545,-0.13749687391527093,-0.5024497023021527,-2.0844048515319913
-0.023053724815474158,8.97101618531475e-4,-0.0846497178405187,-0.016598269850093657,-0.07021381749315071,-0.035080742243044666
0.3129300254004662,-0.6245701406311461,-0.3178284140080633,-0.1550471979647965,-0.33699103787801993,-1.5120141105085632
-0.35780353924279995,0.10853593698950648,0.09347866308533703,0.1599674612943801,0.5978978305095208,1.4175748876583503
-0.3567168168275518,-0.412319768608334,-0.5552829292274437,0.5665276539747766,0.1154722933553104,-1.4949398806603715
0.15934628047166127,0.213967019908286,-0.1558259592256201,0.713344756247406,-0.11528434605795733,-1.9562208939762862
-0.16245483851390155,-0.587524714819901,-0.13593648561162394,-1.1527873060726146,-0.3674647211739336,-1.8032414866052593
0.16180616285798774,-0.9045654263324453,-0.3106564748922484,-0.9129487871733867,-0.2689434103968751,-0.8187473908752125
0.17759104478262655,-0.4651668429689016,0.33536772585184776,-0.09268424054324513,0.428143329074787,-0.5045089297335151
0.22984103647344797,0.5736731080205002,-0.12610086021311118,-0.1485492935934638,-0.17531568350132498,-0.071358487703304
1.1788226447085586,-0.14434845332458932,-0.2560103214514578,0.7321223261118002,0.21089769230214472,2.149602852911756
0.018687004792899885,0.02336018945541636,0.0010475910323839142,-0.011957759455298641,0.07041907369207974,-0.1918367543064301
0.28375459693663535,0.14690127251215,0.22935751340105914,-0.5758238748600146,0.26775460898120146,0.9350237652988251
-0.04187177204407022,-0.05345663381231723,-0.10590443795607668,0.03610303121380221,0.06715226643997871,-0.19854416198126923
0.34106979409327076,-0.35791835695584096,0.35344461597651705,-0.06700081886480863,-0.31567568520116,-0.3980477764433458
-0.3763834340173332,-0.1458762460731138,-0.17630963000193736,-0.35442462273821373,-0.2714275312585932,-0.3704880694162437
-0.06307535251826828,0.009585104532648488,0.052523530636973785,-0.011434058476799654,0.03884314222128503,0.09284663076623734
0.10153780534116578,0.12422496204456117,-0.0855885004692002,0.04224332969287174,0.08612607394839311,0.2106421155846578
0.04966316584767094,-0.17599104243252126,0.04501379041614347,0.08555013364496551,0.019216420757637465,-0.3565235463931059
-0.09305292831802914,-0.7915816453681486,-0.0538726458313484,-0.053421026350385384,-0.03624400136501153,-2.0062938279486175
-0.08913755589715586,-0.0017237789596170024,0.06810445308971934,-0.011253525892451438,0.3072764376509888,0.3776046798967285
-0.1441128001528729,-0.09061937830295244,0.17769214901609318,-0.04635402937632913,0.11931866143647403,-0.6036229052556865
-0.34435163468009544,-0.16218174326941281,0.2235916333412266,0.19816123341056568,0.6211632298719649,0.2633826934254938
-0.05569901554423248,0.010859411929858382,0.23120202706613768,0.4867334027212623,0.46701998498199204,0.10971382888799935
-0.23847568249150727,0.20670937449493543,0.27977071381648133,0.04897864383540384,0.16229061275342854,0.9288517439268589
0.031685310628635284,0.007215325968500498,0.10015933406735303,0.08201051246541184,0.10137749761933568,-0.02783360044142809
0.10682963098911842,0.03172823900044195,-0.0669412963787966,0.333377106384447,-0.07348959972920198,-0.5786060199628797
-0.14329805170879,0.04618563048059354,-0.22121131640080888,0.8609033015268542,-0.6782610899876049,0.50610029169327
-0.2345480486197384,-0.3298660105025986,-0.26140129572595133,-0.5129126576745344,-0.9600457187886108,-2.304248269024705
0.36496320437548163,-0.13408497763690497,0.26200939175597704,-0.1637168290921266,0.03351788732150304,0.9622786360781707
0.07182703992362634,0.21270359037765008,-0.05854303189181604,0.1816840105095799,-0.08907323650388134,0.842470972350167
-0.021261785359944448,-0.029796779889821275,0.007891172357561047,0.022266748244006065,-0.05661844687864474,0.1616521520033891
0.3960009018686232,-0.2844810350957589,-0.11572774427755095,-0.06856689974567197,-0.05800117254935348,-1.1182156827498844
0.3942481603501494,-0.07046369208796716,0.574924264745394,0.02082675349809175,0.43423224766216634,-1.0729928442936725
-0.33455020406135605,-0.02354631550154126,0.16896143109556708,0.09361875064595639,0.10697654989048988,0.7163901237529219
-0.5830236354992074,-0.9535155986391807,0.3337196443658807,-0.34577630475327054,0.15294339044109162,-1.3246886835239469
-0.05218595560876143,-0.02405710873382677,0.0032798608604395515,0.049660794922144355,-0.017584815504426397,-0.9717565393931219
0.09943650575668161,0.1418274282867774,0.2936589008882744,-0.025521364561713996,0.21224210171688135,0.4855060345573623
0.14058300660479695,-0.7834359646775111,-0.03529634962817951,-0.6529903488451128,-0.14869233605680793,-1.5340703792837425
-0.07615168922485568,0.18487289028198392,-0.3154860587943206,-0.26788327978503473,-0.48502086198438316,-0.48824971786575244
0.002621562817464414,-0.2195889862304832,0.14031013088052463,-0.28171688447482957,0.05609844505410607,-1.495106826846922
-0.23442253680107314,-0.4654851936633773,-0.473084231771659,-0.22106619914146924,-0.5662806526593746,-1.7054750307407942
0.03532273254429988,-0.12460610411133916,-0.14865034705489077,0.046634977405808846,-0.2987502513746993,0.2895350049929307
-0.31351446442477965,0.05269391179995909,-0.4128976652525273,-0.3760189339240485,0.34983375711978465,0.9951809749023773
0.3333133183990394,0.033301275024117824,0.32223187071304044,0.7228136215707208,0.6719939191536588,0.43450149612155436
0.4733628458695601,-0.28560608854500436,-0.05854713748491132,-0.03370640799259109,-0.39185892273242173,-0.6951714055416586
-0.06680251031642885,0.13696968740082585,-0.17310055235105296,0.159293672458588,0.008369123642900577,0.600387390414201
0.09661793830800655,0.03791748224085037,-0.006492319631044152,-0.011995749964431243,0.021010973054982923,-0.19188250157332673
0.4005377682139096,0.36825089213417,0.2504947336396633,0.27288003740259675,0.1858882013150282,0.42913883028229177
-0.07741959639110886,0.1565127398405302,-0.6628766611130155,-0.3994155806520886,0.36793498514942613,1.2257023638062188
-0.020891767180507628,-0.20758175368168774,0.09861454910610105,0.022666102143466458,-0.07986154165332432,-0.23878327449371536
-0.12118999030978184,0.5551854563981763,-0.1823215803795793,0.44673442891878296,-0.05446928844143039,0.6309780213203997
-0.03922539708056042,0.014684886163210195,0.007230460308168214,0.011490963496212377,-0.0019123215344842648,0.09881365229182405
-0.22075050506627278,-0.11241677325564362,-0.36930309680087314,0.17862963870901055,-0.06415216615394095,0.7394326831512809
0.17738305032213536,0.8743587236372964,-0.37420906325556524,0.37413225737914746,0.0865701858587745,1.4922288653885731
-0.019697475041429127,-0.1464960938647489,-0.05377070817399755,-0.683574090726445,-0.2593455652309815,-0.10761709228933271
-0.22077469774517597,0.3134568030042014,0.6349752762008221,0.05580055628773715,-0.007761365065051722,0.4468674344782465
-0.055596613126443734,-0.07201360644960803,-0.08791813289337812,-0.06665332730719428,-0.12473447652734981,-0.04942989136208256
0.2004067457054377,-0.0727770186438187,0.07712509161779697,0.0725512945069176,-0.1816166053561296,-0.8666301144030227
-0.20664115969022462,-0.020274912567412377,0.1004579061924276,-0.33732845234361875,-0.09649066592579333,0.28160953168616676
0.45968329391916846,-0.041276268392941545,-0.01987353056105042,-0.4239376716412787,0.2643014832280472,-1.4904206439863936
0.010661300973814665,-0.05849332334773948,0.21650782535375457,0.06218779558964396,-0.09664867203915442,-0.9423920192356089
0.2227372783894904,-0.2534138500481332,-0.04940341285377445,-0.0970735283869266,-0.20893158881614024,-0.7025536928521364
-0.036877718494321116,-0.3694365448442005,0.12083497068373274,0.1751632777871705,0.11184023471093703,0.057620776449513626
0.042778271888302376,-0.11429945228703843,-0.052218319296069605,-0.016384290725062735,-0.08354294654738585,0.5523803673037202
-0.528528000377735,-0.326131814230267,-0.437628311949696,-0.3997572649145678,-0.4874086395390116,-2.1172847765699636
-0.08789059656015427,0.23326742675791393,-0.2355440768468065,0.3759126155667174,0.24205284826541035,0.2816483834689599
-0.09826586275066869,-0.22240157366471375,-0.10621314299157919,0.16155588227689033,-0.6471565527778754,-0.29252101193804486
-0.0569612480972399,-0.024377729884393448,-0.24606841090075796,-0.07668246435142767,0.17786727358174367,1.0112530837722034
0.38138397373901384,0.1903093040725399,0.355482771087112,0.807059389094315,0.4455825414482842,-0.06373430945557877
0.11149765152134909,-0.01985715943911855,-0.22470768494098373,-0.14743679429318662,0.2941679000937761,0.8464699036898347
0.2649108275566074,0.34785549333343074,0.518629271007349,0.20354832581670856,-0.1424647419703819,1.202516955231184
0.44753336320997344,-0.5958674530830841,0.2567076954298245,0.1833983800623347,-0.24571245232134084,-0.2682203178017547
0.023166045878762087,-0.08450926918651287,0.8944330343082263,0.4395272686182449,0.12604553832684862,0.5654282063406803
0.11856675090107419,0.07816213206012795,0.2189302880147744,-0.015614983382908388,0.19993528912284622,-0.04148355322116948
0.12150214242299721,0.19272025749072608,0.049888846084848254,0.1136097262780155,0.07901679825246395,0.5113523764789992
-0.11909705147279875,-0.05571906708229743,0.18591593683385596,0.22998508767570713,0.07923082643033824,0.4737071786103996
-0.06350946629647602,-0.5388505086676673,-0.12261923851953917,-0.1977705779849027,-0.12837295340600782,-1.4753651714133693
-0.46428354227126206,0.34973924776233967,-0.0805422318863359,0.22394309248967664,0.13298455903940404,0.14674764375737526
-0.47558012143736395,-0.1374153943084772,0.029180940620452542,0.5267505098700722,0.23449703495124077,-0.8485413933558148
-0.11310588192162362,-0.37426119033384553,-0.5432279817635683,0.6173162259906791,0.027748039756700975,-1.5869487977947023
-0.4074101776966506,0.19856319749516377,0.09703261367212083,0.12442689041994423,0.08608170784000384,0.31846065947606206
-0.4449961287048979,-0.2896384526565207,0.14790659664761235,-0.05894454129793766,-0.03654592334655481,0.2924507110914148
-0.5015266404858184,0.904362623225745,0.27590544941241224,0.04641197447717646,-0.09457505741903478,-1.5486379545136937
0.4065336844595494,0.21735366836410241,0.18821130489085286,0.1925062468011519,-0.003108846882238308,1.3851709092947377
0.09946177345005368,0.08585642813731874,0.03640115370729507,0.12307686917976626,0.02986009128471964,0.1066891068401199
-0.1420846965813997,-0.26881782570918134,-0.22765717860650073,0.35555957704251967,0.42772738573607544,1.630418286331575
-0.10887599482071057,0.10277958682987132,-0.061178962620968405,0.4111401542747213,-0.03757970798033402,-1.7816618807269895
-0.00689758052283971,-0.07905396215448988,0.008539512841158005,-0.03726490609227679,-0.16184277544836803,-0.8919843152870969
-0.3829920326868215,-0.3027340739930135,0.6726209264024732,0.023806355972376885,-0.0024967694504624324,-0.18689487554199702
-0.23485526204086313,0.13929966486303275,0.12874384592540075,-0.1513466259733633,-0.17712200562103952,-0.692996558412468
0.5431855877856134,-0.22466944461433302,0.24146592558465624,-0.11348274713135616,-0.5325625926910391,-0.6159177673653462
0.027603623119540628,0.03441760882271031,0.06913116463715832,0.04459896234102984,0.0794602791694393,0.13132651365562453
-0.29635578347333813,-0.4075090308600636,0.8018311693167246,-0.43007926061149765,0.40390418512299675,1.3294813159033607
0.002021646854409116,-0.010737370464095957,-0.6238828449456426,0.2684114657142573,0.0498607237348361,-0.8405194803484035
0.2875089105399893,0.2896385776318486,0.2909283129492677,0.06914048662209984,0.2685313756119275,0.8547942109679395
-0.26007131407265616,0.12890816493202,0.17345692282981645,0.43582952915346995,0.27030448815735447,1.3565252925501383
0.08997117165664995,-0.1909032940950103,0.012638878335260515,-0.18546720138635034,-0.006062105677848767,-0.13923581841495528
-0.1347070212093282,-0.10797472243247433,-0.3217638167244364,-0.21431307661999274,0.1612077087284648,0.048619961547724605
-0.36532046078981734,0.22845453434930668,0.23156280360452086,-0.23191094785246485,-1.1032634939668347,-0.9763607581523424
0.15077611297325405,0.3355014218476109,0.1653510124488701,0.4318771527353799,-1.254328741994142,-0.4210769895805562
-0.6335290315279581,0.05355818118204485,-0.39352826229186877,-0.1295992352572447,0.04170278592650842,1.5372582515957518
-0.3913995185894784,-0.4697421696132016,0.9328254441923214,0.8732446825963139,0.8520206550418404,-0.6365911893740851
0.014828753480668151,-0.07365399415919843,0.3615030639514099,0.11103485358208845,0.20293289639619588,0.37682484320005144
0.263034697029144,0.10049824356155285,0.11975786758185071,0.2556073045895773,0.5496452904819491,1.5631048475655485
-0.09335162941315348,0.06569255280473016,0.12807837004188294,-0.27661036767683367,-0.0905617289095955,-0.059761953785945954
-0.8792497508594823,-0.18487957852724643,-0.20229367766478898,-0.3418314914823567,-0.37795531654117664,-0.6509315841988498
-0.23938215395510481,-0.49753815789015776,-0.14501039009096583,0.7117890721163909,-0.7293620928002084,-1.115237161298452
-0.04852648224845299,0.26814411926472254,-0.10507746054133216,0.07515776850596528,-0.01608988530603528,0.35905867604892394
-0.38593370209800343,-0.2945397068198831,0.11265283167193418,0.4919455020392711,0.16328503129425942,-0.9078375570624746
-0.8457701537119121,-0.3776406148084837,-0.35194798928102394,0.3360638453916072,0.21651198884156841,0.7738907746317076
0.5584306256800101,0.382672125303044,-0.15164498591188827,-0.5145619676600488,-0.3532681301331809,-0.4891781890984014
-0.042317516598775674,0.07351660813592531,0.31788717702796426,-0.23112319269626466,0.10466060732476644,0.40130551413811716
-0.4385628049622992,0.5993340542886192,-0.767892095097878,0.2157839085474865,0.4515306755445307,1.4811272504625013
-0.047355715862464044,0.1947897917276733,0.05699655429784331,0.5401595556969317,-0.3805176029140152,0.5729589363981814
-0.4016476619185423,-0.0965270968585965,-0.21466002887713573,-0.03199436995343153,-0.2879693793996655,-1.059235886728315
-0.021282427242490746,3.287186442163177e-4,-0.09178391571192074,-0.03133183559595877,-0.03649204383993463,0.223638605756068
0.12058511955749403,-0.01913356876490998,-0.06014485330995106,0.08980257625910819,0.10960616682793052,-0.44271032772894114
0.2518931083188643,-0.11929897829722638,-0.17519078595202686,0.25685986827081486,0.3626507803104208,1.2875215932972126
-0.10432061433012038,-0.06589261950027454,0.06621258641909708,-0.7252213316403099,-0.15847082493645137,-0.5400463639673201
-0.1793619763935364,-0.5202932460925582,0.07802751424460705,0.33533403579269555,-0.2631294214329379,-0.5282977621823438
-0.04277043534542197,0.02928926455558044,-0.059469706833476334,-0.10721561011730563,-0.0554529520825418,0.022071325428044436
0.01667545989345486,0.26605212188251176,0.043390643458537825,0.28800912347160434,-0.09785732156351848,0.4999658574472017
-0.09443204178492928,-0.1893834064067428,0.4723221739048153,0.20191940004982062,0.22281007264942387,-0.15016318300063136
0.052440207648153304,-0.354336524268053,-0.1106767498571985,0.19227763209825527,0.4728340510481518,1.1830700623986523
-0.006982833112015686,-0.027389120839438945,-0.029779437064493913,-0.019655677597247893,0.03604515839393537,0.14585258434268664
0.3921971868971609,-0.04729810105180355,0.2771330573333492,0.34315761238562364,0.1930539820037468,-0.013389632003721381
0.473652670259809,-0.34404301020327793,-0.3057568239694946,-0.5694169021814878,-0.740776911866563,-1.0967990429253238
-0.29126529708317334,0.020955647530826578,-0.15149389431625132,0.09348192988875716,-0.18702211709854755,-0.14787818960169924
-0.18920847596575333,-0.18476376318845691,-0.3638850533163134,0.03412355977049906,-0.12972208811409947,-0.8161115262585059
-0.17039579635767063,0.17125342334325452,0.24969287558483333,0.06235073072577491,0.009903954870449505,-0.04237464727251069
0.07990079794802027,-0.023056986716937677,0.15502202684197633,0.007181986336852324,0.11583427423338438,-0.25657663841201445
-0.506599646782495,-0.4023057423990729,-0.22892318161609607,-0.12663152393174795,-0.005155842701050546,0.12463659121506879
-0.009121448366958931,0.3932513659947321,1.6175039350846523,-0.03885502987477339,0.523045136848463,0.577630810466858
-0.5638153069806635,0.5806054027196705,-0.5866313481726002,0.41151185933897405,0.21428224133172394,0.8944402603445306
-0.06224915371466188,-0.29629995442711216,-0.041915853160428666,0.3064439536991905,-0.38603297757026334,-0.33453008081658714
0.1036931979376118,-0.20421879379894553,0.13438004913065574,0.09350699488801403,-0.09556472610138385,-0.47519498212471417
-0.31556586824303073,-0.09202507568378278,-0.14110865213568083,0.14892285379118195,0.6163120412972444,-1.101808384564295
